zip,population
90650,"106,360"
90011,"104,762"
90201,"102,786"
91331,"101,536"
92335,"99,079"
90250,"96,987"
90805,"95,808"
91342,"95,222"
90280,"95,219"
92503,"94,029"
92336,"92,306"
92683,"91,613"
94565,"91,323"
90044,"90,155"
92704,"89,993"
92154,"88,016"
91710,"87,071"
91744,"86,638"
92804,"86,220"
92376,"85,857"
95076,"85,678"
93307,"84,667"
91911,"84,241"
94112,"84,001"
93033,"83,103"
93722,"81,832"
92345,"81,094"
92126,"80,685"
92509,"80,480"
91335,"80,161"
92592,"80,135"
93727,"79,314"
94544,"78,096"
90706,"77,687"
91706,"77,667"
91709,"77,266"
95823,"76,478"
91910,"76,027"
90255,"75,770"
93257,"75,715"
93550,"75,624"
92553,"74,925"
95630,"74,905"
93535,"73,948"
95035,"73,652"
94110,"73,511"
94587,"73,500"
92805,"73,043"
92105,"72,724"
94536,"72,597"
94533,"72,349"
93274,"72,264"
93065,"72,211"
91766,"72,100"
91402,"71,765"
92703,"71,245"
90262,"71,197"
92882,"71,024"
93536,"70,969"
90003,"70,208"
92114,"69,688"
93306,"69,660"
92021,"69,552"
90631,"68,971"
91730,"68,807"
90019,"68,530"
94558,"68,366"
90026,"67,557"
90022,"67,191"
94080,"66,876"
92801,"66,657"
92880,"66,557"
95123,"66,500"
94538,"66,493"
95687,"66,476"
95127,"66,282"
93230,"66,109"
92677,"65,645"
94541,"65,178"
95206,"65,151"
94015,"64,712"
92201,"64,436"
95624,"64,429"
94509,"64,412"
92115,"64,410"
91343,"64,323"
95111,"64,247"
92407,"64,225"
92562,"64,222"
93906,"63,821"
95758,"63,778"
90660,"63,684"
91770,"63,552"
90640,"63,461"
94501,"63,228"
90042,"63,109"
90004,"63,095"
91732,"62,855"
95014,"62,632"
91950,"62,078"
91977,"62,065"
94122,"62,029"
92780,"62,017"
92627,"61,996"
91702,"61,968"
95747,"61,869"
92707,"61,667"
95112,"61,583"
93905,"61,494"
95020,"61,480"
94806,"61,452"
90037,"61,451"
92647,"61,285"
90006,"61,230"
92630,"61,081"
90731,"61,046"
90813,"60,997"
95828,"60,884"
92563,"60,651"
93030,"60,582"
92346,"60,320"
95608,"60,199"
91761,"59,933"
93309,"59,492"
94513,"59,444"
92570,"59,324"
90066,"59,258"
95355,"58,872"
92324,"58,854"
92404,"58,738"
92020,"58,554"
95122,"58,437"
91762,"58,223"
93312,"58,102"
90001,"57,942"
92113,"57,887"
90745,"57,785"
92708,"57,675"
92392,"57,648"
90034,"57,443"
90744,"57,432"
92507,"57,347"
93117,"57,268"
92057,"57,125"
92504,"57,004"
92027,"56,899"
93458,"56,722"
92071,"56,682"
93063,"56,637"
93291,"56,298"
92840,"56,256"
94109,"56,019"
94087,"55,987"
93436,"55,914"
92129,"55,780"
95051,"55,634"
92646,"55,598"
93215,"55,494"
91406,"55,385"
91605,"55,377"
91801,"55,265"
95116,"55,249"
90723,"54,941"
92530,"54,710"
92571,"54,512"
93308,"54,497"
94591,"54,493"
92117,"54,489"
91405,"54,356"
92399,"54,335"
91764,"54,303"
95670,"54,277"
90063,"54,142"
91745,"54,043"
90221,"53,922"
92056,"53,920"
95125,"53,896"
92025,"53,742"
92870,"53,690"
91344,"53,290"
92234,"53,253"
92833,"53,227"
91786,"52,951"
91304,"52,846"
93277,"52,526"
92656,"52,335"
94539,"52,141"
93304,"51,891"
90002,"51,826"
92130,"51,757"
90018,"51,639"
92557,"51,551"
95350,"51,441"
92701,"51,317"
90220,"51,271"
94568,"51,248"
95376,"51,245"
92626,"51,133"
95023,"51,045"
93003,"51,041"
93551,"51,023"
90046,"50,923"
92084,"50,915"
93638,"50,626"
90703,"50,442"
94601,"50,369"
95648,"50,341"
92024,"50,246"
94550,"50,122"
90638,"49,876"
94086,"49,851"
92223,"49,804"
92064,"49,763"
90024,"49,737"
92505,"49,705"
92886,"49,644"
94553,"49,638"
95207,"49,632"
92128,"49,522"
91767,"49,483"
92691,"49,471"
92243,"49,425"
92026,"49,327"
92584,"49,317"
95351,"49,243"
95124 ,"49,156"
90033,"49,156"
95616 ,"49,093"
90630,"49,093"
91306,"49,043"
93313,"49,006"
92692,"48,851"
92069,"48,682"
92410,"48,660"
95037,"48,532"
92028,"48,468"
92109,"48,430"
94014,"48,387"
92111,"48,380"
90047,"48,306"
90057,"48,302"
95148,"48,201"
95240,"48,065"
92078,"48,009"
93611,"47,988"
95336,"47,808"
94303,"47,743"
90247,"47,706"
92648,"47,701"
95843,"47,666"
92705,"47,515"
91913,"47,494"
91765,"47,493"
92122,"47,314"
90032,"47,285"
92544,"47,275"
95060,"47,227"
91352,"47,079"
90016,"47,079"
94577,"47,053"
92620,"46,966"
90065,"46,965"
95757,"46,703"
90023,"46,611"
91748,"46,565"
90620,"46,550"
90025,"46,520"
95008,"46,507"
92879,"46,487"
92058,"46,463"
93720,"46,402"
91790,"46,374"
93036,"46,328"
95403,"46,294"
92506,"46,172"
90027,"46,043"
90059,"46,027"
93702,"46,021"
94116,"45,936"
92104,"45,788"
93311,"45,512"
91320,"45,502"
92843,"45,211"
92688,"45,105"
91606,"45,040"
96003,"44,929"
92867,"44,868"
90241,"44,815"
92102,"44,778"
93010,"44,761"
95822,"44,724"
95610,"44,711"
94560,"44,677"
91733,"44,622"
90503,"44,562"
93446,"44,515"
95136,"44,386"
92009,"44,330"
90043,"44,328"
94531,"44,263"
92236,"44,124"
91387,"44,106"
91789,"43,973"
93455,"43,898"
94566,"43,784"
92127,"43,588"
94546,"43,472"
90501,"43,405"
94928,"43,370"
95209,"43,362"
94117,"43,323"
91360,"43,222"
92019,"43,200"
92040,"43,191"
94605,"43,116"
93726,"42,950"
95307,"42,844"
94066,"42,777"
94121,"42,720"
92802,"42,583"
94010,"42,569"
90275,"42,545"
92054,"42,523"
94551,"42,508"
91367,"42,319"
90806,"42,312"
92555,"42,264"
94403,"42,252"
94901,"42,212"
90242,"41,982"
90007,"41,979"
95678,"41,953"
95621,"41,908"
91016,"41,901"
95380,"41,865"
95831,"41,859"
94521,"41,854"
94804,"41,681"
94134,"41,677"
94118,"41,662"
95628,"41,649"
94025,"41,491"
92374,"41,452"
92395,"41,384"
90604,"41,371"
90605,"41,305"
95407,"41,249"
90045,"41,145"
93552,"41,128"
91401,"41,019"
91701,"40,870"
90804,"40,751"
92545,"40,732"
95210,"40,718"
95404,"40,699"
95991,"40,683"
94578,"40,603"
93706,"40,583"
90278,"40,582"
95762,"40,493"
94582,"40,460"
95132,"40,414"
92591,"40,396"
95129,"40,325"
92806,"40,296"
92308,"40,285"
94561,"40,274"
90029,"40,242"
90020,"40,170"
92231,"40,070"
95833,"40,029"
93635,"39,969"
93637,"39,952"
90802,"39,873"
90815,"39,822"
91942,"39,795"
94520,"39,535"
92253,"39,435"
95401,"39,400"
90005,"39,338"
91601,"39,318"
95695,"39,144"
93292,"39,089"
92337,"39,074"
93534,"38,994"
93454,"38,980"
90031,"38,940"
95835,"38,847"
94044,"38,844"
93305,"38,793"
91104,"38,725"
94061,"38,709"
91739,"38,681"
92037,"38,659"
90808,"38,637"
92307,"38,583"
95050,"38,482"
91311,"38,479"
95926,"38,465"
95121,"38,445"
92508,"38,360"
95301,"38,356"
93705,"38,093"
94954,"37,943"
90036,"37,931"
94606,"37,912"
94611,"37,900"
91776,"37,843"
94534,"37,794"
91763,"37,786"
95120,"37,784"
91001,"37,699"
91205,"37,664"
92821,"37,642"
92065,"37,633"
95476,"37,534"
93245,"37,502"
90810,"37,422"
91350,"37,400"
92083,"37,367"
95062,"37,365"
95205,"37,362"
95838,"37,286"
90505,"37,242"
95382,"37,138"
93711,"37,095"
93021,"37,093"
95826,"36,992"
95765,"36,980"
92543,"36,962"
91711,"36,957"
95691,"36,932"
95667,"36,859"
92101,"36,857"
95128 ,"36,807"
94590,"36,807"
95688,"36,763"
94555,"36,750"
92139,"36,720"
92706,"36,684"
95993,"36,617"
94401,"36,597"
92675,"36,548"
95340,"36,541"
92831,"36,533"
90301,"36,429"
95928,"36,374"
91768,"36,365"
92869,"36,298"
91326,"36,168"
94404,"36,086"
93612,"36,062"
92394,"36,017"
92660,"35,935"
95820,"35,869"
91362,"35,862"
93012,"35,714"
92240,"35,684"
91340,"35,681"
91780,"35,674"
93405,"35,642"
90049,"35,581"
90266,"35,573"
90260,"35,569"
95821,"35,530"
94124,"35,446"
91722,"35,407"
95126,"35,330"
95973,"35,297"
92807,"35,284"
90277,"35,204"
94040,"35,200"
94583,"35,174"
90621,"35,168"
92373,"35,149"
94952,"34,938"
94523,"34,742"
94115,"34,681"
91321,"34,664"
91007,"34,619"
94588,"34,611"
92672,"34,605"
92881,"34,466"
92131,"34,425"
93955,"34,421"
95337,"34,391"
93657,"34,349"
95660,"34,303"
96001,"34,260"
91206,"34,247"
91773,"34,222"
93561,"34,182"
90601,"34,169"
93703,"34,166"
91750,"34,156"
91423,"34,140"
93555,"34,064"
92841,"34,031"
92311,"33,962"
92103,"33,873"
93060,"33,837"
92260,"33,834"
94603,"33,823"
93001,"33,765"
95361,"33,741"
90062,"33,690"
92551,"33,670"
90504,"33,609"
91325,"33,558"
95348,"33,555"
91754,"33,514"
92649,"33,513"
94114,"33,504"
91791,"33,484"
94621,"33,423"
94063,"33,396"
95825,"33,385"
93422,"33,270"
91351,"33,247"
90807,"33,217"
91355,"33,129"
92220,"33,101"
91941,"33,077"
93619,"32,958"
96002,"32,943"
92116,"32,920"
95356,"32,827"
92679,"32,819"
95901,"32,804"
92301,"32,801"
95341,"32,787"
95358,"32,758"
93940,"32,727"
90230,"32,692"
92883,"32,549"
90012,"32,543"
90606,"32,499"
95377,"32,462"
95662,"32,441"
92173,"32,416"
94526,"32,284"
93710,"32,249"
90222,"32,195"
95842,"32,184"
93101,"32,157"
91006,"32,106"
90008,"32,060"
92583,"32,051"
91107,"32,027"
94545,"32,015"
95482,"31,941"
95118,"31,869"
90712,"31,722"
90803,"31,680"
92595,"31,541"
94610,"31,486"
93654,"31,460"
91607,"31,405"
91746,"31,319"
94132,"31,289"
95070,"31,268"
94903,"31,219"
92612,"31,166"
94941,"31,154"
90028,"31,122"
90302,"31,064"
92124,"31,061"
95661,"31,034"
91505,"30,985"
91214,"30,935"
95117,"30,686"
91915,"30,679"
95632,"30,594"
94589,"30,593"
90035,"30,582"
95966,"30,557"
92673,"30,553"
93618,"30,465"
91604,"30,386"
90680,"30,373"
94070,"30,370"
95472,"30,260"
92316,"30,231"
95824,"30,225"
93004,"30,218"
92123,"30,202"
91731,"30,179"
93662,"30,169"
91354,"30,058"
95682,"30,033"
95131,"30,027"
93420,"30,022"
94801,"29,923"
92618,"29,921"
92405,"29,897"
91752,"29,801"
92203,"29,768"
91356,"29,728"
94043 ,"29,689"
91324,"29,689"
91384,"29,676"
91303,"29,668"
94602,"29,628"
95492,"29,515"
95219,"29,506"
91803,"29,502"
94585,"29,501"
91792,"29,493"
91316,"29,485"
97603,"29,435"
94107,"29,384"
94102,"29,319"
92107,"29,292"
94580,"29,167"
92653,"29,028"
94549,"29,005"
96150,"29,001"
92081,"28,976"
94608,"28,864"
90405,"28,861"
90713,"28,833"
95603,"28,826"
93401,"28,684"
92604,"28,580"
92120,"28,518"
92110,"28,508"
90039,"28,436"
90041,"28,405"
94559,"28,355"
94131,"28,350"
93035,"28,258"
90038,"28,155"
95370,"28,124"
91103,"28,124"
95204,"28,124"
95618,"27,926"
90710,"27,914"
93704,"27,870"
95969,"27,850"
94510,"27,786"
91364,"27,607"
90270,"27,575"
93280,"27,572"
96080,"27,564"
92262,"27,561"
94518,"27,549"
94133,"27,491"
91755,"27,487"
95133,"27,431"
93901,"27,387"
90291,"27,277"
94306,"27,259"
92868,"27,232"
90061,"27,203"
94598,"27,175"
91042,"27,164"
95961,"27,141"
92227,"27,120"
94002,"27,116"
94062,"27,099"
90064,"27,032"
90304,"27,008"
94704,"27,006"
92008,"26,968"
91504,"26,833"
93960,"26,831"
92860,"26,822"
93725,"26,809"
95409,"26,805"
91932,"26,801"
92629,"26,797"
90249,"26,795"
90602,"26,778"
91307,"26,703"
91945,"26,673"
95829,"26,588"
90746,"26,584"
95834,"26,560"
91740,"26,555"
92411,"26,437"
90240,"26,426"
95363,"26,291"
93314,"26,197"
91724,"26,190"
94947,"26,180"
95212,"26,094"
94607,"26,089"
95032,"26,027"
91301,"26,007"
91010,"26,000"
91784,"25,999"
92614,"25,930"
91302,"25,906"
92694,"25,906"
91030,"25,905"
92284,"25,850"
95503,"25,830"
93105,"25,808"
91741,"25,780"
90017,"25,772"
95242,"25,752"
94103,"25,747"
95945,"25,712"
92832,"25,601"
91737,"25,508"
90274,"25,503"
95354,"25,485"
91775,"25,389"
92596,"25,363"
91411,"25,290"
94803,"25,283"
97520,"25,274"
94123,"25,238"
95815,"25,206"
95003,"25,187"
90303,"25,134"
94547,"25,037"
92602,"24,962"
92011,"24,899"
91106,"24,875"
93212,"24,861"
94530,"24,851"
95054,"24,718"
95367,"24,657"
94619,"24,638"
92211,"24,623"
92651,"24,612"
91403,"24,579"
90403,"24,539"
94402,"24,517"
94506,"24,371"
93041,"24,351"
90740,"24,296"
92277,"24,028"
95677,"23,906"
93933,"23,851"
93610,"23,757"
95746,"23,638"
95215,"23,635"
92844,"23,585"
95864,"23,527"
91201,"23,510"
95531,"23,500"
92118,"23,473"
92835,"23,464"
92119,"23,456"
96007,"23,354"
95501,"23,284"
95776,"23,260"
91202,"23,219"
94085,"23,177"
92782,"23,174"
90272,"23,151"
92606,"23,129"
94024,"23,057"
90048,"22,722"
94030,"22,552"
93907,"22,513"
92251,"22,496"
90292,"22,482"
94579,"22,431"
90720,"22,413"
92663,"22,408"
94609,"22,331"
92344,"22,259"
92532,"22,248"
92225,"22,242"
90404,"22,201"
93203,"22,106"
92501,"21,975"
95135,"21,957"
94597,"21,923"
90732,"21,763"
92585,"21,714"
95620,"21,685"
90717,"21,658"
90068,"21,450"
94089,"21,403"
95405,"21,351"
94703,"21,234"
95134,"21,010"
92354,"20,963"
90210,"20,957"
95521,"20,911"
92108,"20,899"
93103,"20,827"
96130,"20,812"
91361,"20,808"
94596,"20,794"
91381,"20,790"
91101,"20,761"
94706,"20,735"
91011,"20,679"
94127,"20,664"
92865,"20,643"
95818,"20,629"
91390,"20,546"
92887,"20,529"
95965,"20,473"
90069,"20,435"
92808,"20,427"
95827,"20,382"
92377,"20,370"
94503,"20,366"
93263,"20,346"
90603,"20,325"
93560,"20,263"
95330,"20,253"
92603,"20,206"
93023,"20,168"
91501,"20,110"
90715,"20,064"
95841,"19,890"
94019,"19,874"
92264,"19,778"
90254,"19,726"
94022,"19,705"
94519,"19,594"
91040,"19,587"
95949,"19,575"
95138,"19,503"
95519,"19,441"
91902,"19,429"
90015,"19,378"
92586,"19,351"
92274,"19,326"
93444,"19,317"
95110,"19,270"
91723,"19,258"
94945 ,"19,095"
93630,"19,095"
94564,"19,007"
92106,"18,864"
95819,"18,846"
94563,"18,803"
91345,"18,763"
90814,"18,760"
92029,"18,758"
92082,"18,722"
93247,"18,676"
93210,"18,617"
91602,"18,615"
93927,"18,609"
91901,"18,586"
95602,"18,472"
93111,"18,441"
90265,"18,394"
96161,"18,255"
91506,"18,125"
92270,"17,876"
90502,"17,855"
94702,"17,720"
91204,"17,681"
94595,"17,675"
93268,"17,643"
95959,"17,534"
93015,"17,487"
95448,"17,481"
94301,"17,409"
92845,"17,276"
93241,"17,233"
91208,"17,180"
95816,"17,178"
92587,"17,157"
95366,"17,118"
92617,"16,942"
94949,"16,905"
96022,"16,904"
90245,"16,901"
91914,"16,865"
90701,"16,842"
93110,"16,777"
92371,"16,721"
92582,"16,695"
94618,"16,620"
93013,"16,603"
93930,"16,536"
95334,"16,366"
92637,"16,330"
96021,"16,322"
93631,"16,268"
90670,"16,266"
93648,"16,228"
94507,"16,205"
94556,"16,039"
90623,"15,886"
94960,"15,789"
92408,"15,788"
90305,"15,777"
92866,"15,760"
95304,"15,718"
93728,"15,670"
95066,"15,642"
93402,"15,636"
93950,"15,577"
92010,"15,551"
95203,"15,489"
95422,"15,358"
94612,"15,200"
95673,"15,140"
93221,"15,109"
95252,"15,068"
94305,"14,971"
95963,"14,943"
91377,"14,885"
94552,"14,852"
94805,"14,850"
93250,"14,824"
94505,"14,820"
90232,"14,810"
94108,"14,704"
95605,"14,595"
95437,"14,578"
90716,"14,383"
91436,"14,353"
95391,"14,254"
95130,"14,206"
94502,"14,181"
94041,"14,162"
91203,"14,051"
93514,"13,976"
95817,"13,918"
95388,"13,885"
95368,"13,826"
93543,"13,780"
91108,"13,675"
92014,"13,665"
93204,"13,590"
94542,"13,491"
93433,"13,484"
95030,"13,477"
95540,"13,418"
93505,"13,324"
94705,"13,215"
95650,"13,157"
94517,"13,139"
95315,"13,108"
95490,"13,054"
92055,"12,926"
90212,"12,915"
90040,"12,812"
95320,"12,759"
94920,"12,725"
93640,"12,660"
90293,"12,649"
94065,"12,626"
92075,"12,548"
95954,"12,509"
92254,"12,491"
94904,"12,459"
92313,"12,432"
93923,"12,301"
95360,"12,243"
95451,"12,230"
92625,"12,187"
94707,"12,173"
91502,"12,080"
92314,"11,997"
93908,"11,986"
92007,"11,929"
92610,"11,895"
93636,"11,885"
94709,"11,854"
91105,"11,728"
95357,"11,717"
90013,"11,668"
93109,"11,583"
93301,"11,555"
90755,"11,491"
94708,"11,481"
90402,"11,410"
95073,"11,407"
93730,"11,397"
93108,"11,345"
95832,"11,313"
93614,"11,255"
94965,"11,227"
93647,"11,215"
93646,"11,195"
93442,"11,092"
95012,"11,080"
91024,"11,067"
93723,"10,874"
95338,"10,784"
95948,"10,751"
93223,"10,699"
95425,"10,675"
93622,"10,632"
95119,"10,617"
90248,"10,592"
95640,"10,509"
95742,"10,494"
95814,"10,487"
95953,"10,476"
93701,"10,369"
95453,"10,362"
95386,"10,324"
95713,"10,296"
93219,"10,266"
92567,"10,205"
93286,"10,169"
96019,"10,121"
91207,"10,071"
95033,"10,006"
95326,"9,948"
95694,"9,828"
91978,"9,804"
94572,"9,798"
92657,"9,768"
96097,"9,744"
95946 ,"9,694"
94925,"9,694"
95064,"9,692"
93620,"9,591"
93926,"9,506"
89060,"9,411"
95010,"9,375"
92310,"9,337"
92655,"9,257"
93546,"9,252"
92241,"9,212"
92067,"9,127"
95322,"9,025"
94574,"8,996"
93465,"8,995"
90077,"8,912"
92252,"8,874"
95726,"8,816"
94571,"8,802"
94930,"8,763"
92359,"8,710"
95988,"8,663"
95006,"8,649"
92250,"8,645"
95065,"8,551"
91020,"8,448"
94931,"8,436"
92320,"8,364"
91935,"8,347"
93445,"8,164"
90211,"8,129"
90056,"8,118"
90094,"8,072"
92325,"8,019"
93449,"7,984"
92249,"7,960"
93463,"7,905"
95327,"7,901"
93644,"7,854"
92276,"7,803"
92233,"7,770"
95932,"7,651"
90401,"7,621"
95324,"7,610"
93510,"7,594"
92548,"7,577"
93625,"7,446"
94515,"7,379"
95220,"7,371"
94027,"7,317"
93434,"7,252"
93656,"7,194"
94710,"7,193"
90014,"7,191"
93022,"7,154"
94939,"7,130"
95005,"7,116"
95139,"7,085"
92342,"7,058"
95018,"6,935"
95642,"6,912"
93721,"6,898"
93234,"6,865"
94028,"6,830"
96067,"6,828"
93267,"6,817"
94105,"6,793"
95811,"6,711"
95658,"6,709"
92352,"6,601"
95202,"6,559"
95470,"6,514"
93591,"6,508"
93240,"6,489"
93924,"6,457"
92624,"6,454"
96094,"6,446"
95316,"6,416"
95631,"6,375"
93428,"6,309"
95046,"6,299"
93615,"6,263"
95019,"6,252"
95683,"6,233"
95693,"6,153"
95987,"6,142"
93256,"6,092"
95328,"6,013"
94158 ,"5,995"
92356,"5,995"
90290,"5,974"
95436,"5,965"
95971,"5,952"
92861,"5,872"
95626,"5,871"
92372,"5,763"
93609,"5,689"
93427,"5,662"
93270,"5,654"
95467,"5,618"
89061,"5,485"
96101,"5,378"
92363,"5,356"
92315,"5,282"
95666,"5,170"
93501,"5,134"
95692,"5,129"
95709,"5,096"
95619,"5,075"
95672,"5,010"
92382,"5,006"
92210,"4,987"
95222,"4,976"
92003,"4,905"
95665,"4,901"
93225,"4,886"
96064,"4,881"
95365,"4,855"
92397,"4,853"
95231,"4,806"
93460,"4,798"
95247,"4,709"
95912,"4,693"
95722,"4,636"
92121,"4,588"
93660,"4,587"
94005,"4,568"
96013,"4,538"
95446,"4,529"
95228,"4,498"
95045,"4,475"
94951,"4,464"
93953,"4,435"
96088,"4,410"
95249,"4,377"
95685,"4,356"
95614,"4,318"
94535,"4,269"
94508,"4,268"
95938,"4,229"
95655,"4,205"
95236,"4,196"
93451,"4,184"
96073,"4,174"
93650,"4,170"
92278,"4,162"
93602,"4,151"
93272,"4,117"
92230,"4,088"
96093,"4,031"
93235,"4,014"
96055,"4,002"
92590,"3,951"
90704,"3,912"
95623,"3,911"
95258,"3,882"
95627,"3,873"
95004,"3,846"
92539,"3,775"
92823,"3,769"
94129,"3,762"
93242,"3,748"
96143,"3,737"
96137,"3,707"
90089,"3,680"
94304,"3,658"
95423,"3,645"
94038,"3,628"
95633,"3,610"
93202,"3,570"
91906,"3,565"
96122,"3,532"
90010,"3,524"
95982,"3,487"
93437,"3,483"
95383,"3,471"
93252 ,"3,437"
95562,"3,437"
94111,"3,432"
92661,"3,419"
93921,"3,407"
96035,"3,398"
96114,"3,387"
93523,"3,366"
93675,"3,358"
91330,"3,328"
94964,"3,322"
95917,"3,313"
95379,"3,296"
93265,"3,290"
95321,"3,263"
95546,"3,260"
92391,"3,227"
95053,"3,222"
93261,"3,221"
93430,"3,214"
95634,"3,206"
95458,"3,176"
93453,"3,170"
94720,"3,166"
94599,"3,148"
95536,"3,140"
95237,"3,124"
92140,"3,112"
92256,"3,105"
94525,"3,103"
94130,"3,090"
93066,"3,082"
95442,"3,080"
95457,"3,076"
95951,"3,073"
96041,"3,061"
95684,"3,004"
90021 ,"2,954"
95461,"2,954"
93643,"2,935"
94037,"2,895"
91708,"2,893"
95223,"2,884"
92662,"2,863"
92536,"2,811"
95333,"2,793"
92036,"2,700"
93532,"2,681"
90058,"2,674"
93258 ,"2,650"
95329,"2,650"
92549,"2,644"
93667,"2,626"
95485,"2,607"
92365,"2,601"
93616,"2,599"
92285,"2,556"
95428,"2,540"
92004,"2,520"
96032,"2,518"
95669,"2,493"
95918,"2,468"
95663,"2,443"
96020,"2,438"
95464,"2,412"
96145,"2,399"
96027,"2,390"
97623,"2,380"
90067,"2,355"
93283,"2,339"
93516,"2,314"
95460,"2,301"
95690,"2,289"
92283,"2,287"
93249,"2,277"
92281,"2,249"
95638,"2,238"
93527,"2,206"
96134,"2,203"
94511,"2,199"
91962,"2,190"
92275,"2,174"
95310,"2,163"
92676,"2,156"
95465,"2,140"
96025,"2,121"
96113,"2,100"
92145,"2,096"
95645,"2,091"
95570,"2,079"
95372,"2,068"
95567,"2,048"
92061,"2,046"
95454,"2,029"
95542,"2,008"
93545,"2,005"
93271,"2,001"
92386,"1,992"
93426,"1,988"
93040,"1,980"
95469,"1,979"
93206,"1,978"
95245,"1,958"
93601 ,"1,944"
95524,"1,944"
95441,"1,909"
95346,"1,888"
90263,"1,887"
92401,"1,885"
93553,"1,882"
95641,"1,843"
95311,"1,831"
93925,"1,824"
95975,"1,811"
93513,"1,803"
95445,"1,792"
92257 ,"1,770"
95947,"1,770"
89019,"1,762"
93626,"1,760"
93243,"1,736"
95977,"1,730"
95002,"1,727"
95426,"1,726"
93239,"1,704"
95374,"1,702"
93285,"1,700"
94060,"1,697"
96056,"1,693"
95449,"1,679"
92086,"1,672"
95211,"1,665"
93651,"1,662"
92273,"1,661"
95255,"1,655"
95389,"1,651"
93205,"1,630"
96118,"1,629"
95903,"1,622"
93562,"1,620"
95421,"1,599"
95319,"1,593"
97632,"1,589"
92398,"1,588"
92561,"1,577"
95525,"1,569"
93238,"1,550"
94973,"1,542"
93222,"1,542"
91916,"1,542"
91905,"1,539"
95573,"1,523"
93440,"1,507"
89439,"1,484"
96008,"1,483"
92091,"1,473"
95681,"1,471"
95551,"1,453"
93461,"1,447"
96052,"1,417"
95452,"1,409"
96028,"1,403"
95937,"1,400"
95468,"1,381"
92347,"1,372"
96103,"1,369"
94514,"1,358"
95664,"1,357"
93653,"1,352"
95560,"1,351"
95113 ,"1,332"
 92242,"1,332"
93624,"1,326"
95955,"1,325"
93201 ,"1,314"
94957,"1,314"
95415,"1,312"
94924,"1,307"
96057,"1,305"
95548,"1,288"
94956,"1,282"
95553,"1,274"
93266,"1,271"
96051,"1,264"
95039,"1,252"
95968,"1,250"
95962,"1,235"
92282,"1,233"
97633,"1,224"
92321,"1,214"
91008,"1,203"
95528,"1,191"
95919,"1,184"
96062,"1,180"
92059,"1,177"
94575,"1,175"
92339,"1,171"
94020,"1,170"
95462,"1,164"
95547,"1,158"
92518,"1,145"
95689,"1,131"
96107,"1,129"
95916,"1,102"
93441,"1,099"
96023,"1,096"
95497,"1,092"
95323,"1,083"
93920,"1,082"
96120 ,"1,079"
95686,"1,079"
95313,"1,077"
95246,"1,071"
92358,"1,069"
93218,"1,068"
96039,"1,044"
92070,"1,034"
93544,"1,021"
95369,"1,011"
93608,993
95466,990
93450 ,988
91963,988
94586,978
95615,970
93666 ,968
96146,968
95589 ,966
95652,966
95612,964
96024,962
93668,957
93432 ,953
95830,953
93518,949
95317,946
93665,943
95549,942
96044,937
91917,937
92368,937
95565,934
90073,915
93517,909
95254,897
95674,891
95410,890
91210 ,886
 95943,886
94592,880
95230,869
93424,867
95635,861
94613,855
92135,851
93606,849
95636,846
94938 ,840
96128,840
95957,837
95703,829
95439,825
95306,823
96140 ,805
 95227,805
96047,799
95668,794
95543 ,792
96069,792
95659,788
94937,785
95701 ,782
95942,782
96058,779
96148,776
96142,766
95960,752
95979,750
94528 ,749
 94946,749
93673,747
93962,745
92309,742
96109,741
94923,737
95043,734
96096,733
95456,721
94963,713
93604,708
95563,705
93526,703
96048,701
92322,696
93067,690
93254,685
95420,684
95007,683
95459,682
95303,678
95629,676
94970 ,675
 93255,675
94933,658
95653,657
95935,654
95444,653
95914,649
95556,643
95552,635
93529,631
90742 ,627
95017,627
93932,618
95651,614
95225,609
96059,604
96038,602
96087,600
95471,599
91980,595
96015 ,587
94567,587
95527 ,586
95941,586
95233,583
95345,580
95939,578
96104,576
95675,574
92147,569
94922,565
96091 ,561
96033,561
93452,552
92327,544
95922,539
95251,538
95585,537
92678,532
92066,530
92155,528
95387,520
92305 ,519
95950,519
92268,505
95970,500
93541,500
95983,500
95607,499
96016,497
93664,494
94104,489
91931,474
96090,467
96141,464
95558 ,458
89010,458
95257,454
95412,452
95432,445
93928,441
92258,435
93224,432
95431 ,430
95697,430
95956,419
91759,417
96084,416
93563,413
95041,410
95318,403
95564,402
89046,398
95385 ,396
93244,396
95075,390
96006,389
96050,387
96124,385
93220,381
94548,379
94971,378
93531,369
95714 ,368
90743,368
95934,367
95728,366
93954,362
96065,360
93512,352
95637,349
95837 ,340
95569,340
95555,338
95554,336
95639,333
96112,332
95511,331
95493,321
95920,320
95443,312
94074,309
96086 ,304
96075,304
96121,302
96117 ,300
96092,300
92385,296
92328,292
95312,290
96009,288
95450,283
93652,280
95680,278
96040,275
91934,274
95140,273
96054,260
93641,258
95537,255
95514,254
93207,252
93549,250
94569,243
95488,239
95417,237
93251 ,236
93558,236
95936,234
95698,232
92341,231
95224 ,228
95571,228
96125,227
96106 ,223
 94940,223
93628,221
96034,220
92333,217
92134,216
96037,216
93276,216
93605 ,211
93226,211
95494 ,209
93669,209
93645,207
95427,203
96133,202
96029,200
93260,199
95526 ,197
92259,197
92239,196
97635,196
96074,196
96010 ,194
93621,194
96063,188
96071,180
96115,179
95601,178
96031,175
96135,172
95335,171
95335,171
95232,168
96110,167
95435 ,166
95717,166
95736,165
95550,164
93043,163
95568,161
96017,160
94021,159
94516,157
93554 ,156
95595,156
95930,155
92378,154
90822,148
96014 ,146
95587,146
95925 ,143
95699,143
93429,140
96076,139
93603,138
94929,135
95910,134
93623,134
96046,134
92389,133
96129,132
96068,131
95606,129
93528,127
95248,127
96116,127
91046,125
94128 ,119
96132,119
95375 ,116
96011,116
95978 ,115
 93287,115
95234,112
95559,108
95604 ,104
93042,104
94576,102
94950 ,100
96119,100
92266,97
94512 ,96
95981,96
96085,91
95715,89
94573,86
92060 ,79
95986,79
93627,77
95545,76
93208 ,74
 93262,74
96105,70
95013,66
95974,65
95646,64
95429,58
95625,54
95463 ,49
95720,49
96136,47
96123,46
93592,41
95486,41
 95944,41
95984 ,39
96126,39
93519,36
93522,35
96111,30
93530,29
96049 ,28
95305,28
96061 ,27
95735,27
95325,26
92384,24
93634,23
92304,21
94972 ,20
95679,20
92280,16
95226,14
91948 ,13
95721,13
95923 ,9
95915,9
96108,7
92332,3